Metric,Value
design__lint_error__count,0
design__lint_timing_construct__count,0
design__lint_warning__count,0
design__inferred_latch__count,0
design__instance__count,9987
design__instance__area,73578.1
design__instance_unmapped__count,0
synthesis__check_error__count,0
design__max_slew_violation__count__corner:nom_tt_025C_1v80,0
design__max_fanout_violation__count__corner:nom_tt_025C_1v80,0
design__max_cap_violation__count__corner:nom_tt_025C_1v80,0
power__internal__total,0.002440904499962926
power__switching__total,0.00080632243771106
power__leakage__total,8.730581413374239E-8
power__total,0.003247314365580678
clock__skew__worst_hold__corner:nom_tt_025C_1v80,-0.22696803412470404
clock__skew__worst_setup__corner:nom_tt_025C_1v80,0.522894853327877
timing__hold__ws__corner:nom_tt_025C_1v80,0.1707108946965644
timing__setup__ws__corner:nom_tt_025C_1v80,9.686457243811311
timing__hold__tns__corner:nom_tt_025C_1v80,0.0
timing__setup__tns__corner:nom_tt_025C_1v80,0.0
timing__hold__wns__corner:nom_tt_025C_1v80,0
timing__setup__wns__corner:nom_tt_025C_1v80,0.0
timing__hold_vio__count__corner:nom_tt_025C_1v80,0
timing__hold_r2r__ws__corner:nom_tt_025C_1v80,0.170711
timing__hold_r2r_vio__count__corner:nom_tt_025C_1v80,0
timing__setup_vio__count__corner:nom_tt_025C_1v80,0
timing__setup_r2r__ws__corner:nom_tt_025C_1v80,9.686458
timing__setup_r2r_vio__count__corner:nom_tt_025C_1v80,0
design__max_slew_violation__count__corner:nom_ss_100C_1v60,343
design__max_fanout_violation__count__corner:nom_ss_100C_1v60,0
design__max_cap_violation__count__corner:nom_ss_100C_1v60,22
clock__skew__worst_hold__corner:nom_ss_100C_1v60,-0.2405019307334056
clock__skew__worst_setup__corner:nom_ss_100C_1v60,0.5357430761771779
timing__hold__ws__corner:nom_ss_100C_1v60,0.39750703853661945
timing__setup__ws__corner:nom_ss_100C_1v60,0.24447289329346447
timing__hold__tns__corner:nom_ss_100C_1v60,0.0
timing__setup__tns__corner:nom_ss_100C_1v60,0.0
timing__hold__wns__corner:nom_ss_100C_1v60,0
timing__setup__wns__corner:nom_ss_100C_1v60,0.0
timing__hold_vio__count__corner:nom_ss_100C_1v60,0
timing__hold_r2r__ws__corner:nom_ss_100C_1v60,0.563229
timing__hold_r2r_vio__count__corner:nom_ss_100C_1v60,0
timing__setup_vio__count__corner:nom_ss_100C_1v60,0
timing__setup_r2r__ws__corner:nom_ss_100C_1v60,0.244473
timing__setup_r2r_vio__count__corner:nom_ss_100C_1v60,0
design__max_slew_violation__count__corner:nom_ff_n40C_1v95,0
design__max_fanout_violation__count__corner:nom_ff_n40C_1v95,0
design__max_cap_violation__count__corner:nom_ff_n40C_1v95,0
clock__skew__worst_hold__corner:nom_ff_n40C_1v95,-0.21935096027077897
clock__skew__worst_setup__corner:nom_ff_n40C_1v95,0.5160766404739142
timing__hold__ws__corner:nom_ff_n40C_1v95,0.033055503714306746
timing__setup__ws__corner:nom_ff_n40C_1v95,13.401788502729872
timing__hold__tns__corner:nom_ff_n40C_1v95,0.0
timing__setup__tns__corner:nom_ff_n40C_1v95,0.0
timing__hold__wns__corner:nom_ff_n40C_1v95,0
timing__setup__wns__corner:nom_ff_n40C_1v95,0.0
timing__hold_vio__count__corner:nom_ff_n40C_1v95,0
timing__hold_r2r__ws__corner:nom_ff_n40C_1v95,0.033056
timing__hold_r2r_vio__count__corner:nom_ff_n40C_1v95,0
timing__setup_vio__count__corner:nom_ff_n40C_1v95,0
timing__setup_r2r__ws__corner:nom_ff_n40C_1v95,13.401789
timing__setup_r2r_vio__count__corner:nom_ff_n40C_1v95,0
design__max_slew_violation__count,400
design__max_fanout_violation__count,0
design__max_cap_violation__count,23
clock__skew__worst_hold,-0.2168327523351044
clock__skew__worst_setup,0.5138882798081845
timing__hold__ws,0.03228312153423056
timing__setup__ws,-0.06533795911470369
timing__hold__tns,0.0
timing__setup__tns,-0.11317169743890415
timing__hold__wns,0
timing__setup__wns,-0.06533795911470369
timing__hold_vio__count,0
timing__hold_r2r__ws,0.032283
timing__hold_r2r_vio__count,0
timing__setup_vio__count,3
timing__setup_r2r__ws,-0.065338
timing__setup_r2r_vio__count,3
design__die__bbox,0.0 0.0 334.88 225.76
design__core__bbox,0.46 2.72 334.42 223.04
design__io,45
design__die__area,75602.5
design__core__area,73578.1
design__instance__count__stdcell,6914
design__instance__area__stdcell,65955.8
design__instance__count__macros,0
design__instance__area__macros,0
design__instance__count__padcells,0
design__instance__area__padcells,0
design__instance__count__cover,0
design__instance__area__cover,0
design__instance__utilization,0.896405
design__instance__utilization__stdcell,0.896405
design__rows,81
design__rows:unithd,81
design__sites,58806
design__sites:unithd,58806
design__instance__count__class:buffer,7
design__instance__area__class:buffer,35.0336
design__instance__count__class:inverter,167
design__instance__area__class:inverter,639.363
design__instance__count__class:sequential_cell,761
design__instance__area__class:sequential_cell,16204.3
design__instance__count__class:multi_input_combinational_cell,4713
design__instance__area__class:multi_input_combinational_cell,44936.8
flow__warnings__count,1
flow__errors__count,0
flow__warnings__count:ODB-0220,2
flow__warnings__type_count,1
flow__warnings__count:ORD-0039,1
design__instance__count__class:fill_cell,3073
design__instance__area__class:fill_cell,7622.31
design__instance__count__class:tap_cell,1037
design__instance__area__class:tap_cell,1297.49
design__power_grid_violation__count__net:VPWR,0
design__power_grid_violation__count__net:VGND,0
design__power_grid_violation__count,0
flow__warnings__count:GPL-0302,1
flow__warnings__count:GPL-1015,1
timing__drv__floating__nets,2
timing__drv__floating__pins,0
design__instance__displacement__total,0
design__instance__displacement__mean,0
design__instance__displacement__max,0
route__wirelength__estimated,154265
design__violations,0
design__instance__count__class:timing_repair_buffer,65
design__instance__area__class:timing_repair_buffer,955.917
flow__warnings__count:RSZ-0020,1
flow__warnings__count:STA-1140,6
design__instance__count__class:clock_buffer,118
design__instance__area__class:clock_buffer,1625.31
design__instance__count__class:clock_inverter,22
design__instance__area__class:clock_inverter,201.443
design__instance__count__setup_buffer,0
design__instance__count__hold_buffer,0
global_route__vias,84
global_route__wirelength,284459
antenna__violating__nets,0
antenna__violating__pins,0
route__antenna_violation__count,0
antenna_diodes_count,5
design__instance__count__class:antenna_cell,24
design__instance__area__class:antenna_cell,60.0576
route__net,5811
route__net__special,2
route__drc_errors__iter:0,323
route__wirelength__iter:0,193843
route__drc_errors__iter:1,80
route__wirelength__iter:1,193778
route__drc_errors__iter:2,69
route__wirelength__iter:2,193780
route__drc_errors__iter:3,2
route__wirelength__iter:3,193787
route__drc_errors__iter:4,0
route__wirelength__iter:4,193785
route__drc_errors__iter:5,26
route__wirelength__iter:5,193800
route__drc_errors__iter:6,14
route__wirelength__iter:6,193799
route__drc_errors__iter:7,14
route__wirelength__iter:7,193799
route__drc_errors__iter:8,0
route__wirelength__iter:8,193800
route__drc_errors,0
route__wirelength,193785
route__vias,49386
route__vias__singlecut,49386
route__vias__multicut,0
flow__warnings__count:DRT-0120,4
flow__warnings__count:DRT-0349,10
design__disconnected_pin__count,5
design__critical_disconnected_pin__count,0
route__wirelength__max,1802.38
timing__unannotated_net__count__corner:nom_tt_025C_1v80,82
timing__unannotated_net_filtered__count__corner:nom_tt_025C_1v80,0
timing__unannotated_net__count__corner:nom_ss_100C_1v60,82
timing__unannotated_net_filtered__count__corner:nom_ss_100C_1v60,0
timing__unannotated_net__count__corner:nom_ff_n40C_1v95,82
timing__unannotated_net_filtered__count__corner:nom_ff_n40C_1v95,0
design__max_slew_violation__count__corner:min_tt_025C_1v80,0
design__max_fanout_violation__count__corner:min_tt_025C_1v80,0
design__max_cap_violation__count__corner:min_tt_025C_1v80,0
clock__skew__worst_hold__corner:min_tt_025C_1v80,-0.22344945970439867
clock__skew__worst_setup__corner:min_tt_025C_1v80,0.5198580046915806
timing__hold__ws__corner:min_tt_025C_1v80,0.1696883792619659
timing__setup__ws__corner:min_tt_025C_1v80,9.880947006944112
timing__hold__tns__corner:min_tt_025C_1v80,0.0
timing__setup__tns__corner:min_tt_025C_1v80,0.0
timing__hold__wns__corner:min_tt_025C_1v80,0
timing__setup__wns__corner:min_tt_025C_1v80,0.0
timing__hold_vio__count__corner:min_tt_025C_1v80,0
timing__hold_r2r__ws__corner:min_tt_025C_1v80,0.169688
timing__hold_r2r_vio__count__corner:min_tt_025C_1v80,0
timing__setup_vio__count__corner:min_tt_025C_1v80,0
timing__setup_r2r__ws__corner:min_tt_025C_1v80,9.880947
timing__setup_r2r_vio__count__corner:min_tt_025C_1v80,0
timing__unannotated_net__count__corner:min_tt_025C_1v80,82
timing__unannotated_net_filtered__count__corner:min_tt_025C_1v80,0
design__max_slew_violation__count__corner:min_ss_100C_1v60,320
design__max_fanout_violation__count__corner:min_ss_100C_1v60,0
design__max_cap_violation__count__corner:min_ss_100C_1v60,20
clock__skew__worst_hold__corner:min_ss_100C_1v60,-0.23566424478908482
clock__skew__worst_setup__corner:min_ss_100C_1v60,0.5312830881165166
timing__hold__ws__corner:min_ss_100C_1v60,0.3847308136525017
timing__setup__ws__corner:min_ss_100C_1v60,0.5008882339559724
timing__hold__tns__corner:min_ss_100C_1v60,0.0
timing__setup__tns__corner:min_ss_100C_1v60,0.0
timing__hold__wns__corner:min_ss_100C_1v60,0
timing__setup__wns__corner:min_ss_100C_1v60,0.0
timing__hold_vio__count__corner:min_ss_100C_1v60,0
timing__hold_r2r__ws__corner:min_ss_100C_1v60,0.561364
timing__hold_r2r_vio__count__corner:min_ss_100C_1v60,0
timing__setup_vio__count__corner:min_ss_100C_1v60,0
timing__setup_r2r__ws__corner:min_ss_100C_1v60,0.500888
timing__setup_r2r_vio__count__corner:min_ss_100C_1v60,0
timing__unannotated_net__count__corner:min_ss_100C_1v60,82
timing__unannotated_net_filtered__count__corner:min_ss_100C_1v60,0
design__max_slew_violation__count__corner:min_ff_n40C_1v95,0
design__max_fanout_violation__count__corner:min_ff_n40C_1v95,0
design__max_cap_violation__count__corner:min_ff_n40C_1v95,0
clock__skew__worst_hold__corner:min_ff_n40C_1v95,-0.2168327523351044
clock__skew__worst_setup__corner:min_ff_n40C_1v95,0.5138882798081845
timing__hold__ws__corner:min_ff_n40C_1v95,0.03228312153423056
timing__setup__ws__corner:min_ff_n40C_1v95,13.512371160002127
timing__hold__tns__corner:min_ff_n40C_1v95,0.0
timing__setup__tns__corner:min_ff_n40C_1v95,0.0
timing__hold__wns__corner:min_ff_n40C_1v95,0
timing__setup__wns__corner:min_ff_n40C_1v95,0.0
timing__hold_vio__count__corner:min_ff_n40C_1v95,0
timing__hold_r2r__ws__corner:min_ff_n40C_1v95,0.032283
timing__hold_r2r_vio__count__corner:min_ff_n40C_1v95,0
timing__setup_vio__count__corner:min_ff_n40C_1v95,0
timing__setup_r2r__ws__corner:min_ff_n40C_1v95,13.512371
timing__setup_r2r_vio__count__corner:min_ff_n40C_1v95,0
timing__unannotated_net__count__corner:min_ff_n40C_1v95,82
timing__unannotated_net_filtered__count__corner:min_ff_n40C_1v95,0
design__max_slew_violation__count__corner:max_tt_025C_1v80,0
design__max_fanout_violation__count__corner:max_tt_025C_1v80,0
design__max_cap_violation__count__corner:max_tt_025C_1v80,0
clock__skew__worst_hold__corner:max_tt_025C_1v80,-0.22860267104124157
clock__skew__worst_setup__corner:max_tt_025C_1v80,0.5234354764450081
timing__hold__ws__corner:max_tt_025C_1v80,0.17214807844258798
timing__setup__ws__corner:max_tt_025C_1v80,9.483089248944095
timing__hold__tns__corner:max_tt_025C_1v80,0.0
timing__setup__tns__corner:max_tt_025C_1v80,0.0
timing__hold__wns__corner:max_tt_025C_1v80,0
timing__setup__wns__corner:max_tt_025C_1v80,0.0
timing__hold_vio__count__corner:max_tt_025C_1v80,0
timing__hold_r2r__ws__corner:max_tt_025C_1v80,0.172148
timing__hold_r2r_vio__count__corner:max_tt_025C_1v80,0
timing__setup_vio__count__corner:max_tt_025C_1v80,0
timing__setup_r2r__ws__corner:max_tt_025C_1v80,9.483089
timing__setup_r2r_vio__count__corner:max_tt_025C_1v80,0
timing__unannotated_net__count__corner:max_tt_025C_1v80,82
timing__unannotated_net_filtered__count__corner:max_tt_025C_1v80,0
design__max_slew_violation__count__corner:max_ss_100C_1v60,400
design__max_fanout_violation__count__corner:max_ss_100C_1v60,0
design__max_cap_violation__count__corner:max_ss_100C_1v60,23
clock__skew__worst_hold__corner:max_ss_100C_1v60,-0.24364252971428743
clock__skew__worst_setup__corner:max_ss_100C_1v60,0.5373564523221925
timing__hold__ws__corner:max_ss_100C_1v60,0.38819970559105
timing__setup__ws__corner:max_ss_100C_1v60,-0.06533795911470369
timing__hold__tns__corner:max_ss_100C_1v60,0.0
timing__setup__tns__corner:max_ss_100C_1v60,-0.11317169743890415
timing__hold__wns__corner:max_ss_100C_1v60,0
timing__setup__wns__corner:max_ss_100C_1v60,-0.06533795911470369
timing__hold_vio__count__corner:max_ss_100C_1v60,0
timing__hold_r2r__ws__corner:max_ss_100C_1v60,0.565522
timing__hold_r2r_vio__count__corner:max_ss_100C_1v60,0
timing__setup_vio__count__corner:max_ss_100C_1v60,3
timing__setup_r2r__ws__corner:max_ss_100C_1v60,-0.065338
timing__setup_r2r_vio__count__corner:max_ss_100C_1v60,3
timing__unannotated_net__count__corner:max_ss_100C_1v60,82
timing__unannotated_net_filtered__count__corner:max_ss_100C_1v60,0
design__max_slew_violation__count__corner:max_ff_n40C_1v95,0
design__max_fanout_violation__count__corner:max_ff_n40C_1v95,0
design__max_cap_violation__count__corner:max_ff_n40C_1v95,0
clock__skew__worst_hold__corner:max_ff_n40C_1v95,-0.22212546319893675
clock__skew__worst_setup__corner:max_ff_n40C_1v95,0.5178249087202359
timing__hold__ws__corner:max_ff_n40C_1v95,0.03421985014431234
timing__setup__ws__corner:max_ff_n40C_1v95,13.296748078953291
timing__hold__tns__corner:max_ff_n40C_1v95,0.0
timing__setup__tns__corner:max_ff_n40C_1v95,0.0
timing__hold__wns__corner:max_ff_n40C_1v95,0
timing__setup__wns__corner:max_ff_n40C_1v95,0.0
timing__hold_vio__count__corner:max_ff_n40C_1v95,0
timing__hold_r2r__ws__corner:max_ff_n40C_1v95,0.034220
timing__hold_r2r_vio__count__corner:max_ff_n40C_1v95,0
timing__setup_vio__count__corner:max_ff_n40C_1v95,0
timing__setup_r2r__ws__corner:max_ff_n40C_1v95,13.296748
timing__setup_r2r_vio__count__corner:max_ff_n40C_1v95,0
timing__unannotated_net__count__corner:max_ff_n40C_1v95,82
timing__unannotated_net_filtered__count__corner:max_ff_n40C_1v95,0
timing__unannotated_net__count,82
timing__unannotated_net_filtered__count,0
design_powergrid__voltage__worst__net:VPWR__corner:nom_tt_025C_1v80,1.79993
design_powergrid__drop__average__net:VPWR__corner:nom_tt_025C_1v80,1.79999
design_powergrid__drop__worst__net:VPWR__corner:nom_tt_025C_1v80,0.0000745856
design_powergrid__voltage__worst__net:VGND__corner:nom_tt_025C_1v80,0.000067119
design_powergrid__drop__average__net:VGND__corner:nom_tt_025C_1v80,0.0000123116
design_powergrid__drop__worst__net:VGND__corner:nom_tt_025C_1v80,0.000067119
design_powergrid__voltage__worst,0.000067119
design_powergrid__voltage__worst__net:VPWR,1.79993
design_powergrid__drop__worst,0.0000745856
design_powergrid__drop__worst__net:VPWR,0.0000745856
design_powergrid__voltage__worst__net:VGND,0.000067119
design_powergrid__drop__worst__net:VGND,0.000067119
ir__voltage__worst,1.8000000000000000444089209850062616169452667236328125
ir__drop__avg,0.00001230000000000000081983031474663903281907550990581512451171875
ir__drop__worst,0.00007459999999999999725948385265184015224804170429706573486328125
magic__drc_error__count,0
magic__illegal_overlap__count,0
design__lvs_device_difference__count,0
design__lvs_net_difference__count,0
design__lvs_property_fail__count,0
design__lvs_error__count,0
design__lvs_unmatched_device__count,0
design__lvs_unmatched_net__count,0
design__lvs_unmatched_pin__count,0
